Area code,Area name,All estimate," CI11, 12 +/-",United Kingdom estimate, CI +/-,Non-United Kingdom estimate, CI +/-, ,European Union estimate, CI +/-, estimate, CI +/-, estimate, CI +/-, estimate, CI +/-, estimate, CI +/-, ,Non-European Union estimate, CI +/-, estimate, CI +/-, estimate, CI +/-, estimate, CI +/-, estimate, CI +/-, estimate, CI +/-, estimate, CI +/-, , estimate, CI +/-, estimate, CI +/-, estimate, CI +/-, estimate, CI +/-, estimate, CI +/-, estimate, CI +/-,
K02000001,United Kingdom,"66,193",z,"56,707",389,"9,460",159,,"3,548",97,"1,746",68,"1,211",57,495,36,96,16,,"5,912",126,380,32,"2,988",89,407,33,321,29,"1,859",70,403,33,,"2,543",82,"1,330",60,148,20,320,29,499,37,247,26,
E92000001,England,"55,809",z,"47,154",384,"8,638",164,,"3,125",99,"1,548",70,"1,023",57,468,38,86,16,,"5,513",131,358,33,"2,792",93,370,34,290,30,"1,764",74,368,34,,"2,363",86,"1,247",62,133,20,284,30,477,39,222,26,
E12000001,North East,"2,624",z,"2,473",63,150,16,,57,10,34,7,16,5,5,3,2,2,,93,12,5,3,51,9,16,5,4,3,22,6,9,4,,37,8,20,6,6,3,4,3,3,2,4,3,
E06000047,  County Durham13,520,z,504,41,16,7,,10,6,8,5,1,2,.,.,c,c,,6,5,1,2,1,2,.,.,.,.,c,c,c,c,,4,4,3,3,c,c,c,c,.,.,c,c,
E06000005,  Darlington,105,z,97,8,8,2,,4,2,2,1,1,1,1,1,c,c,,4,2,0~,0~,2,1,1,1,c,c,1,1,0~,0~,,1,1,1,1,.,.,c,c,c,c,c,c,
E06000001,  Hartlepool,92,z,89,7,3,1,,1,1,1,1,0~,0~,c,c,.,.,,2,1,.,.,1,1,0~,0~,c,c,0~,0~,0~,0~,,1,1,0~,0~,0~,0~,c,c,c,c,.,.,
E06000002,  Middlesbrough,140,z,123,10,17,4,,4,2,1,1,1,1,2,1,.,.,,13,3,0~,1,9,3,3,2,0~,1,5,2,0~,1,,4,2,2,1,1,1,.,.,.,.,0~,1,
E06000057,  Northumberland14,312,z,305,27,7,4,,4,3,3,3,.,.,.,.,c,c,,4,3,1,1,1,2,c,c,c,c,c,c,0~,1,,1,2,1,2,.,.,c,c,.,.,c,c,
E06000003,  Redcar and Cleveland,134,z,129,11,5,2,,3,2,2,1,c,c,.,.,1,1,,2,1,.,.,1,1,0~,1,0~,1,.,.,c,c,,1,1,1,1,.,.,.,.,0~,1,.,.,
E06000004,  Stockton-on-Tees,195,z,185,16,10,4,,2,2,1,1,1,1,.,.,.,.,,8,3,c,c,5,3,2,2,.,.,3,2,1,1,,3,2,2,2,c,c,c,c,c,c,c,c,
E11000007,  Tyne and Wear (Met County),"1,126",z,"1,041",44,85,12,,29,7,16,5,11,4,3,2,.,.,,55,10,2,2,31,7,9,4,3,3,11,5,7,3,,22,6,10,4,4,3,3,2,2,2,3,2,
E08000037,    Gateshead,202,z,188,18,14,5,,7,3,2,2,5,3,.,.,.,.,,7,4,c,c,4,3,1,2,1,1,1,1,c,c,,3,2,1,2,c,c,c,c,.,.,1,1,
E08000021,    Newcastle upon Tyne,296,z,251,26,45,11,,13,6,9,5,3,3,1,2,.,.,,32,9,1,2,20,7,7,4,1,2,7,4,4,3,,11,5,6,4,2,2,1,2,1,2,1,2,
E08000022,    North Tyneside,204,z,193,19,11,4,,4,3,2,2,2,2,c,c,.,.,,7,4,c,c,2,2,c,c,1,1,1,1,1,1,,5,3,1,1,1,1,1,1,1,1,1,2,
E08000023,    South Tyneside,148,z,144,13,4,2,,1,1,1,1,c,c,.,.,.,.,,3,2,1,1,1,1,0~,1,c,c,1,1,.,.,,1,1,1,1,.,.,c,c,c,c,c,c,
E08000024,    Sunderland,275,z,265,22,11,4,,5,3,2,2,2,2,1,1,.,.,,6,3,.,.,4,3,.,.,.,.,2,2,2,2,,2,2,1,2,c,c,1,1,.,.,.,.,
E12000002,North West,"7,232",z,"6,521",126,710,42,,262,25,131,18,103,16,25,8,4,3,,448,33,16,6,272,26,48,11,25,8,180,21,19,7,,160,20,80,14,16,6,16,6,27,8,21,7,
E06000008,  Blackburn with Darwen,147,z,124,11,22,5,,4,2,2,1,3,2,.,.,.,.,,18,4,c,c,13,4,1,1,c,c,12,3,c,c,,5,2,3,2,1,1,0~,1,c,c,c,c,
E06000009,  Blackpool,135,z,127,11,7,3,,5,2,2,1,2,1,1,1,0~,0~,,2,1,.,.,1,1,.,.,c,c,1,1,1,1,,1,1,1,1,.,.,0~,0~,c,c,c,c,
E06000049,  Cheshire East15,376,z,353,41,23,11,,14,8,4,4,10,7,c,c,.,.,,9,7,.,.,4,4,c,c,c,c,2,3,c,c,,5,5,c,c,.,.,c,c,c,c,4,4,
E06000050,  Cheshire West and Chester16,335,z,314,41,21,11,,14,9,10,7,3,4,1,3,.,.,,7,6,.,.,3,4,c,c,c,c,2,3,c,c,,4,5,1,3,c,c,c,c,c,c,c,c,
E06000006,  Halton,127,z,121,11,6,2,,4,2,2,1,1,1,1,1,c,c,,2,2,c,c,1,1,.,.,1,1,c,c,c,c,,1,1,1,1,.,.,.,.,c,c,c,c,
E06000007,  Warrington,209,z,189,18,20,6,,10,4,3,2,7,3,c,c,c,c,,10,4,0~,1,5,3,1,1,.,.,3,2,1,1,,5,3,1,1,.,.,c,c,1,1,3,2,
E10000006,  Cumbria,488,z,464,40,24,9,,11,6,4,4,6,5,c,c,c,c,,12,6,1,2,5,4,1,2,c,c,1,2,3,3,,6,5,3,3,c,c,c,c,c,c,2,3,
E07000026,    Allerdale,96,z,93,18,3,3,,1,2,1,2,.,.,.,.,.,.,,2,2,c,c,1,2,c,c,.,.,1,2,.,.,,c,c,c,c,.,.,.,.,c,c,.,.,
E07000027,    Barrow-in-Furness,66,z,64,16,2,2,,c,c,c,c,.,.,.,.,c,c,,1,2,.,.,c,c,.,.,.,.,.,.,c,c,,1,2,c,c,.,.,.,.,.,.,c,c,
E07000028,    Carlisle,108,z,98,19,10,6,,6,5,2,3,3,3,.,.,c,c,,4,4,.,.,1,2,.,.,.,.,c,c,c,c,,3,3,2,3,.,.,.,.,.,.,c,c,
E07000029,    Copeland,67,z,64,15,2,3,,1,2,c,c,c,c,.,.,.,.,,1,2,c,c,1,2,c,c,.,.,.,.,c,c,,c,c,.,.,.,.,c,c,.,.,.,.,
E07000030,    Eden,52,z,50,13,2,3,,1,2,.,.,1,2,c,c,.,.,,c,c,.,.,.,.,.,.,.,.,.,.,.,.,,c,c,.,.,c,c,.,.,.,.,.,.,
E07000031,    South Lakeland,100,z,95,17,5,4,,2,2,c,c,1,2,.,.,.,.,,4,3,c,c,2,3,c,c,c,c,.,.,1,2,,1,2,c,c,.,.,.,.,c,c,c,c,
E11000001,  Greater Manchester (Met County),"2,815",z,"2,404",73,409,30,,116,16,71,12,35,9,10,5,1,1,,293,25,9,4,184,20,33,8,15,6,128,17,8,4,,99,15,59,11,12,5,9,4,15,6,4,3,
E08000001,    Bolton,286,z,241,23,45,10,,13,5,9,4,3,3,1,1,.,.,,32,8,c,c,20,7,2,2,1,1,15,6,2,2,,12,5,9,4,1,1,1,1,c,c,c,c,
E08000002,    Bury,188,z,168,15,20,5,,6,3,4,2,2,2,c,c,.,.,,14,4,c,c,9,4,2,1,0~,1,7,3,0~,1,,5,3,3,2,c,c,1,1,0~,1,.,.,
E08000003,    Manchester,556,z,410,44,145,26,,37,13,24,11,10,7,2,3,.,.,,109,23,4,4,68,18,11,7,7,6,47,15,4,4,,37,13,21,10,7,6,2,3,5,5,1,3,
E08000004,    Oldham,235,z,202,18,32,7,,7,4,4,2,2,2,2,2,.,.,,25,6,1,1,19,6,2,2,.,.,16,5,c,c,,5,3,4,3,c,c,c,c,1,1,.,.,
E08000005,    Rochdale,217,z,184,16,33,7,,7,3,4,3,3,2,c,c,c,c,,25,6,1,1,18,5,0~,1,0~,1,16,5,0~,1,,7,3,5,3,1,1,c,c,1,1,.,.,
E08000006,    Salford,254,z,207,21,47,10,,16,6,6,4,7,4,3,2,.,.,,30,8,2,2,13,5,7,4,c,c,5,3,c,c,,16,6,9,4,2,2,1,2,4,3,c,c,
E08000007,    Stockport,292,z,270,27,22,8,,7,4,5,4,1,1,1,1,.,.,,16,6,.,.,12,6,2,2,2,2,8,5,.,.,,4,3,1,2,c,c,1,2,c,c,c,c,
E08000008,    Tameside,224,z,207,19,17,5,,5,3,3,2,2,2,c,c,.,.,,12,4,c,c,8,4,1,1,1,1,6,3,.,.,,4,2,2,2,.,.,c,c,1,1,c,c,
E08000009,    Trafford,238,z,208,20,30,8,,9,4,6,4,2,2,.,.,c,c,,22,6,c,c,16,6,3,3,4,3,8,4,c,c,,6,3,3,2,0~,1,1,1,1,1,c,c,
E08000010,    Wigan,324,z,307,30,18,7,,9,5,5,4,3,3,1,2,c,c,,8,5,.,.,4,3,1,2,c,c,1,2,c,c,,5,4,2,2,.,.,c,c,2,2,c,c,
E10000017,  Lancashire,"1,188",z,"1,113",77,75,20,,32,13,15,9,12,8,5,5,c,c,,43,15,3,4,29,12,7,6,c,c,20,10,1,3,,11,8,4,5,.,.,c,c,3,4,4,5,
E07000117,    Burnley,87,z,78,19,9,6,,4,4,c,c,c,c,3,3,.,.,,4,4,1,3,3,3,.,.,c,c,2,3,.,.,,c,c,c,c,.,.,.,.,.,.,.,.,
E07000118,    Chorley,115,z,104,24,11,8,,3,4,3,4,.,.,.,.,.,.,,8,6,.,.,5,5,c,c,.,.,c,c,c,c,,3,4,3,4,.,.,.,.,.,.,.,.,
E07000119,    Fylde,77,z,75,21,2,4,,2,3,2,3,.,.,.,.,.,.,,c,c,.,.,.,.,.,.,.,.,.,.,.,.,,c,c,.,.,.,.,.,.,.,.,c,c,
E07000120,    Hyndburn,79,z,75,21,5,5,,2,3,2,3,.,.,.,.,.,.,,3,4,.,.,3,4,.,.,.,.,3,4,.,.,,.,.,.,.,.,.,.,.,.,.,.,.,
E07000121,    Lancaster,140,z,136,27,4,5,,2,3,c,c,c,c,.,.,.,.,,2,4,.,.,c,c,c,c,.,.,.,.,.,.,,c,c,.,.,.,.,.,.,c,c,c,c,
E07000122,    Pendle,90,z,78,20,13,8,,7,6,c,c,5,5,c,c,.,.,,5,5,.,.,5,5,.,.,.,.,5,5,.,.,,c,c,.,.,.,.,.,.,c,c,.,.,
E07000123,    Preston,139,z,124,28,15,10,,3,5,c,c,c,c,2,3,.,.,,12,9,c,c,9,8,c,c,.,.,6,6,c,c,,c,c,.,.,.,.,.,.,c,c,c,c,
E07000124,    Ribble Valley,58,z,58,18,.,.,,.,.,.,.,.,.,.,.,.,.,,.,.,.,.,.,.,.,.,.,.,.,.,.,.,,.,.,.,.,.,.,.,.,.,.,.,.,
E07000125,    Rossendale,70,z,67,19,3,4,,2,3,c,c,c,c,.,.,.,.,,c,c,c,c,c,c,.,.,c,c,.,.,.,.,,.,.,.,.,.,.,.,.,.,.,.,.,
E07000126,    South Ribble,110,z,103,22,7,6,,4,4,.,.,3,4,.,.,c,c,,3,4,.,.,2,3,.,.,.,.,1,2,c,c,,c,c,c,c,.,.,c,c,.,.,.,.,
E07000127,    West Lancashire,112,z,108,25,5,5,,2,4,2,3,c,c,.,.,.,.,,2,4,.,.,c,c,.,.,.,.,c,c,.,.,,c,c,.,.,.,.,.,.,.,.,c,c,
E07000128,    Wyre,110,z,108,22,2,3,,1,2,c,c,c,c,.,.,.,.,,1,2,.,.,.,.,.,.,.,.,.,.,.,.,,1,2,.,.,.,.,.,.,c,c,c,c,
E11000002,  Merseyside (Met County),"1,412",z,"1,310",54,102,15,,51,11,18,6,25,7,6,4,1,2,,51,11,3,3,26,8,6,4,6,4,11,5,3,3,,22,7,6,4,2,2,5,3,5,3,4,3,
E08000011,    Knowsley,148,z,142,14,7,3,,3,2,2,1,2,2,.,.,c,c,,3,2,.,.,2,1,0~,1,c,c,1,1,0~,1,,2,1,0~,1,.,.,1,1,1,1,.,.,
E08000012,    Liverpool,493,z,429,40,64,16,,31,11,8,6,17,8,5,4,c,c,,33,11,2,3,18,8,5,4,4,4,8,5,1,2,,14,7,4,4,2,3,2,3,4,4,1,2,
E08000014,    Sefton,271,z,256,22,16,5,,8,4,4,3,4,3,0~,1,c,c,,7,4,1,2,3,2,c,c,1,1,1,1,1,1,,3,2,1,1,.,.,1,2,c,c,1,1,
E08000013,    St Helens,179,z,174,17,5,3,,2,2,1,1,0~,1,1,1,.,.,,2,2,.,.,2,2,0~,1,c,c,0~,1,1,1,,1,1,c,c,.,.,.,.,c,c,c,c,
E08000015,    Wirral,320,z,309,27,11,5,,6,4,4,3,2,2,.,.,.,.,,5,4,.,.,3,2,c,c,1,1,1,2,0~,1,,3,3,1,1,.,.,1,2,.,.,1,2,
E12000003,Yorkshire and The Humber ,"5,435",z,"4,924",118,510,38,,204,24,80,15,92,16,26,8,5,4,,306,29,14,6,202,24,38,10,11,6,124,19,28,9,,90,16,58,13,3,3,9,5,14,6,5,4,
E06000011,  East Riding of Yorkshire,334,z,321,29,13,6,,8,5,6,4,2,2,c,c,c,c,,5,3,c,c,1,2,.,.,c,c,1,1,1,1,,3,3,2,2,.,.,c,c,.,.,c,c,
E06000010,"  Kingston upon Hull, City of",259,z,233,25,26,8,,14,6,3,3,11,5,c,c,.,.,,12,6,1,2,6,4,3,3,2,2,c,c,c,c,,4,3,1,2,.,.,c,c,1,2,c,c,
E06000012,  North East Lincolnshire,158,z,145,13,13,4,,8,3,2,1,3,2,3,2,0~,1,,5,2,1,1,2,1,1,1,c,c,0~,1,c,c,,2,2,1,1,c,c,.,.,c,c,c,c,
E06000013,  North Lincolnshire,171,z,159,15,12,4,,7,3,2,2,4,2,1,1,c,c,,5,3,1,1,4,2,0~,1,0~,1,2,2,1,1,,1,1,c,c,c,c,.,.,.,.,0~,1,
E06000014,  York,208,z,187,18,20,6,,8,4,5,3,2,2,2,2,c,c,,12,4,c,c,7,3,0~,1,1,1,3,2,2,2,,5,3,2,2,0~,1,1,1,1,2,c,c,
E10000023,  North Yorkshire,599,z,566,50,33,12,,19,9,11,7,6,5,c,c,2,3,,13,8,1,2,7,5,.,.,c,c,3,4,3,4,,5,5,3,4,.,.,2,3,c,c,.,.,
E07000163,    Craven,56,z,53,17,3,4,,3,4,2,3,c,c,.,.,.,.,,.,.,.,.,.,.,.,.,.,.,.,.,.,.,,.,.,.,.,.,.,.,.,.,.,.,.,
E07000164,    Hambleton,89,z,85,18,5,4,,3,3,2,3,.,.,.,.,c,c,,2,3,.,.,1,2,.,.,.,.,1,2,.,.,,1,2,1,2,.,.,c,c,.,.,.,.,
E07000165,    Harrogate,157,z,144,25,13,7,,8,6,4,4,4,4,.,.,.,.,,4,4,.,.,3,4,.,.,.,.,c,c,2,3,,1,2,c,c,.,.,c,c,.,.,.,.,
E07000166,    Richmondshire,49,z,47,15,2,3,,c,c,c,c,.,.,.,.,c,c,,2,3,.,.,c,c,.,.,.,.,.,.,c,c,,c,c,c,c,.,.,c,c,.,.,.,.,
E07000167,    Ryedale,54,z,50,13,4,4,,2,3,c,c,1,1,.,.,.,.,,2,3,c,c,1,2,.,.,c,c,c,c,c,c,,c,c,c,c,.,.,c,c,.,.,.,.,
E07000168,    Scarborough,106,z,103,22,3,4,,2,3,c,c,.,.,.,.,c,c,,1,2,.,.,1,2,.,.,.,.,1,2,.,.,,.,.,.,.,.,.,.,.,.,.,.,.,
E07000169,    Selby,88,z,85,18,4,4,,1,2,c,c,.,.,c,c,.,.,,2,3,c,c,c,c,.,.,.,.,c,c,.,.,,c,c,c,c,.,.,.,.,c,c,.,.,
E11000003,  South Yorkshire (Met County),"1,395",z,"1,269",60,126,19,,57,13,20,8,26,9,9,5,2,2,,69,14,3,3,41,11,11,5,5,4,15,6,11,6,,24,8,17,7,1,2,3,3,3,3,1,1,
E08000016,    Barnsley,246,z,234,21,12,5,,10,4,3,2,5,3,3,2,c,c,,2,2,c,c,1,1,.,.,.,.,1,1,.,.,,1,1,1,1,.,.,.,.,.,.,.,.,
E08000017,    Doncaster,304,z,280,27,25,8,,15,6,2,2,8,5,3,3,c,c,,10,5,2,2,3,3,2,2,.,.,1,2,.,.,,5,3,3,3,1,2,c,c,.,.,.,.,
E08000018,    Rotherham,263,z,252,23,11,5,,5,3,2,2,2,2,.,.,c,c,,7,4,.,.,4,3,c,c,c,c,4,3,c,c,,2,2,2,2,.,.,.,.,c,c,c,c,
E08000019,    Sheffield,581,z,503,50,78,20,,27,12,12,8,12,8,3,4,c,c,,50,16,c,c,33,13,8,6,5,5,10,7,11,7,,16,9,11,7,.,.,3,4,2,3,c,c,
E11000006,  West Yorkshire (Met County),"2,313",z,"2,044",82,268,30,,82,16,32,10,39,11,10,6,1,1,,186,25,7,5,134,21,23,9,3,3,98,18,10,6,,45,12,31,10,1,2,3,3,9,5,2,3,
E08000032,    Bradford,532,z,441,43,91,19,,17,8,4,4,13,7,.,.,.,.,,74,17,3,3,58,15,7,5,.,.,47,14,4,4,,13,7,10,7,c,c,.,.,2,3,c,c,
E08000033,    Calderdale,210,z,194,18,16,5,,5,3,3,2,2,2,.,.,c,c,,11,4,1,1,8,4,.,.,1,1,7,3,0~,1,,2,2,1,2,.,.,c,c,.,.,c,c,
E08000034,    Kirklees,439,z,386,35,52,13,,19,8,6,4,10,6,3,3,c,c,,33,10,c,c,28,9,3,3,1,2,23,9,c,c,,5,4,c,c,.,.,1,2,3,3,c,c,
E08000035,    Leeds,791,z,707,58,84,20,,28,12,17,9,7,6,5,5,.,.,,56,16,3,4,32,12,11,7,.,.,16,9,5,5,,21,10,16,9,c,c,c,c,3,4,c,c,
E08000036,    Wakefield,340,z,316,29,24,8,,12,6,2,2,8,5,2,2,.,.,,12,6,c,c,8,4,1,2,c,c,4,3,1,1,,4,3,2,3,1,1,.,.,c,c,c,c,
E12000004,East Midlands,"4,767",z,"4,182",132,585,49,,255,32,78,18,129,23,43,13,5,5,,330,37,19,9,189,28,9,6,14,8,144,24,22,10,,123,23,83,18,10,6,6,5,18,9,6,5,
E06000015,  Derby,259,z,215,21,44,9,,20,6,7,4,11,5,2,2,.,.,,23,7,1,2,16,6,2,2,1,1,12,5,1,2,,6,3,4,3,.,.,c,c,2,2,c,c,
E06000016,  Leicester,357,z,215,28,142,22,,41,12,17,8,15,7,10,6,c,c,,101,19,4,4,61,15,1,2,1,2,58,14,c,c,,36,11,28,10,4,4,c,c,4,4,c,c,
E06000018,  Nottingham,327,z,252,24,75,13,,24,7,7,4,13,5,3,3,1,1,,51,11,2,2,28,8,2,2,3,3,18,7,4,3,,21,7,13,6,2,2,c,c,4,3,c,c,
E06000017,  Rutland,36,z,34,5,2,1,,0~,1,0~,1,.,.,.,.,c,c,,2,1,c,c,1,1,.,.,.,.,c,c,1,1,,1,1,0~,0~,.,.,0~,1,c,c,0~,0~,
E10000007,  Derbyshire,787,z,749,62,39,14,,15,9,9,7,5,5,.,.,c,c,,24,11,c,c,14,9,.,.,2,4,12,8,.,.,,8,6,6,6,.,.,c,c,.,.,c,c,
E07000032,    Amber Valley,125,z,123,26,2,3,,2,3,2,3,.,.,.,.,.,.,,.,.,.,.,.,.,.,.,.,.,.,.,.,.,,.,.,.,.,.,.,.,.,.,.,.,.,
E07000033,    Bolsover,79,z,75,25,4,6,,c,c,c,c,.,.,.,.,.,.,,3,5,c,c,.,.,.,.,.,.,.,.,.,.,,c,c,c,c,.,.,.,.,.,.,c,c,
E07000034,    Chesterfield,104,z,98,21,6,5,,3,4,c,c,2,3,.,.,.,.,,3,4,.,.,2,3,.,.,.,.,2,3,.,.,,c,c,.,.,.,.,c,c,.,.,.,.,
E07000035,    Derbyshire Dales,70,z,69,17,c,c,,c,c,.,.,c,c,.,.,.,.,,c,c,.,.,.,.,.,.,.,.,.,.,.,.,,c,c,c,c,.,.,.,.,.,.,.,.,
E07000036,    Erewash,116,z,108,24,8,7,,3,4,2,3,.,.,.,.,c,c,,6,5,.,.,2,4,.,.,c,c,1,3,.,.,,3,4,3,4,.,.,.,.,.,.,.,.,
E07000037,    High Peak,91,z,87,21,4,4,,3,4,2,3,c,c,.,.,.,.,,c,c,.,.,c,c,.,.,c,c,.,.,.,.,,c,c,c,c,.,.,.,.,.,.,.,.,
E07000038,    North East Derbyshire,100,z,96,21,4,5,,c,c,.,.,.,.,.,.,c,c,,4,4,.,.,3,4,.,.,.,.,3,4,.,.,,c,c,.,.,.,.,.,.,.,.,c,c,
E07000039,    South Derbyshire,102,z,92,22,10,7,,2,4,c,c,2,3,.,.,.,.,,7,6,.,.,6,6,.,.,c,c,5,5,.,.,,2,3,2,3,.,.,.,.,.,.,.,.,
E10000018,  Leicestershire ,690,z,625,55,65,18,,31,12,11,7,12,7,8,6,.,.,,35,13,4,5,18,9,.,.,2,3,14,8,2,3,,13,8,5,5,c,c,c,c,3,4,2,3,
E07000129,    Blaby,99,z,96,21,3,4,,2,3,.,.,2,3,.,.,.,.,,c,c,.,.,.,.,.,.,.,.,.,.,.,.,,c,c,c,c,.,.,.,.,c,c,.,.,
E07000130,    Charnwood,182,z,160,30,21,11,,10,8,2,4,3,4,5,5,.,.,,11,8,2,3,8,7,.,.,2,3,5,5,1,3,,c,c,c,c,.,.,c,c,.,.,.,.,
E07000131,    Harborough,91,z,82,19,9,6,,5,5,4,4,1,2,.,.,.,.,,5,4,c,c,c,c,.,.,.,.,c,c,.,.,,3,4,c,c,c,c,c,c,.,.,.,.,
E07000132,    Hinckley and Bosworth,112,z,101,21,11,7,,4,4,c,c,1,2,3,3,.,.,,6,5,.,.,5,5,.,.,.,.,5,4,c,c,,1,2,c,c,.,.,.,.,c,c,c,c,
E07000133,    Melton,51,z,48,14,3,3,,1,2,c,c,1,2,.,.,.,.,,1,2,.,.,c,c,.,.,.,.,c,c,.,.,,c,c,.,.,.,.,.,.,.,.,c,c,
E07000134,    North West Leicestershire,100,z,94,22,7,6,,3,4,2,3,.,.,c,c,.,.,,4,5,.,.,2,3,.,.,.,.,1,3,c,c,,2,3,c,c,.,.,.,.,.,.,c,c,
E07000135,    Oadby and Wigston,55,z,44,15,11,8,,5,5,2,3,3,4,.,.,.,.,,6,6,2,3,2,3,.,.,.,.,2,3,.,.,,3,4,c,c,.,.,.,.,c,c,.,.,
E10000019,  Lincolnshire,748,z,698,59,50,16,,36,13,6,6,27,12,c,c,c,c,,14,8,.,.,7,6,c,c,c,c,4,5,2,3,,7,6,3,4,c,c,c,c,c,c,c,c,
E07000136,    Boston,68,z,56,19,12,9,,11,8,c,c,11,8,.,.,.,.,,c,c,.,.,.,.,.,.,.,.,.,.,.,.,,c,c,.,.,.,.,c,c,.,.,.,.,
E07000137,    East Lindsey,137,z,133,29,4,5,,2,4,c,c,2,3,.,.,.,.,,2,3,.,.,c,c,.,.,c,c,c,c,.,.,,c,c,c,c,.,.,.,.,.,.,c,c,
E07000138,    Lincoln,97,z,91,21,6,5,,5,5,c,c,3,4,.,.,.,.,,1,2,.,.,c,c,c,c,.,.,.,.,.,.,,c,c,.,.,.,.,c,c,.,.,.,.,
E07000139,    North Kesteven,114,z,106,23,8,6,,3,4,.,.,2,3,.,.,c,c,,5,5,.,.,5,5,.,.,.,.,4,4,c,c,,.,.,.,.,.,.,.,.,.,.,.,.,
E07000140,    South Holland,94,z,83,19,11,7,,10,7,c,c,7,6,c,c,.,.,,c,c,.,.,c,c,.,.,.,.,c,c,.,.,,c,c,c,c,.,.,.,.,.,.,.,.,
E07000141,    South Kesteven,143,z,138,27,6,5,,2,3,c,c,2,3,.,.,.,.,,3,4,.,.,.,.,.,.,.,.,.,.,.,.,,3,4,2,3,.,.,.,.,c,c,c,c,
E07000142,    West Lindsey,95,z,91,20,4,4,,3,3,3,3,.,.,.,.,.,.,,1,2,.,.,c,c,.,.,.,.,.,.,c,c,,1,2,c,c,c,c,.,.,c,c,.,.,
E10000021,  Northamptonshire,746,z,636,60,110,25,,57,18,9,7,32,14,15,9,1,3,,52,17,4,5,28,13,c,c,4,5,18,10,5,6,,20,11,16,9,2,3,c,c,2,4,.,.,
E07000150,    Corby,72,z,56,18,16,10,,15,9,c,c,12,8,c,c,c,c,,c,c,c,c,c,c,.,.,.,.,c,c,.,.,,.,.,.,.,.,.,.,.,.,.,.,.,
E07000151,    Daventry,81,z,75,19,6,5,,6,5,c,c,3,4,c,c,.,.,,.,.,.,.,.,.,.,.,.,.,.,.,.,.,,.,.,.,.,.,.,.,.,.,.,.,.,
E07000152,    East Northamptonshire,92,z,87,23,5,6,,3,4,c,c,c,c,.,.,.,.,,2,4,.,.,c,c,.,.,.,.,c,c,c,c,,c,c,c,c,.,.,.,.,.,.,.,.,
E07000153,    Kettering,101,z,91,23,10,8,,4,5,c,c,3,4,.,.,.,.,,7,6,.,.,3,4,.,.,c,c,c,c,c,c,,3,4,3,4,.,.,.,.,.,.,.,.,
E07000154,    Northampton,229,z,173,32,56,18,,22,11,4,5,11,8,8,7,.,.,,34,14,2,3,19,11,.,.,2,3,14,9,3,4,,13,9,9,7,2,3,c,c,2,3,.,.,
E07000155,    South Northamptonshire,92,z,85,21,7,6,,4,5,.,.,c,c,3,4,c,c,,2,4,.,.,c,c,.,.,.,.,.,.,c,c,,2,3,2,3,c,c,.,.,.,.,.,.,
E07000156,    Wellingborough,79,z,70,22,10,8,,3,5,c,c,.,.,2,4,c,c,,6,7,c,c,3,5,c,c,.,.,2,4,.,.,,c,c,c,c,.,.,.,.,c,c,.,.,
E10000024,  Nottinghamshire ,817,z,759,62,58,17,,30,12,11,8,15,9,2,3,1,2,,28,12,c,c,16,9,2,3,c,c,7,6,6,6,,11,8,8,6,c,c,c,c,2,3,c,c,
E07000170,    Ashfield,126,z,120,26,6,6,,4,5,c,c,3,4,.,.,c,c,,2,3,.,.,c,c,.,.,.,.,.,.,c,c,,c,c,c,c,.,.,.,.,.,.,.,.,
E07000171,    Bassetlaw,114,z,106,25,7,6,,6,6,c,c,5,5,.,.,.,.,,2,3,.,.,c,c,.,.,c,c,c,c,.,.,,c,c,c,c,.,.,.,.,c,c,.,.,
E07000172,    Broxtowe,113,z,97,20,17,8,,6,5,5,5,c,c,.,.,c,c,,11,7,c,c,6,5,.,.,c,c,1,2,5,5,,4,4,3,3,c,c,.,.,c,c,.,.,
E07000173,    Gedling,118,z,109,22,10,7,,4,4,c,c,3,4,.,.,.,.,,5,5,.,.,3,4,c,c,.,.,c,c,c,c,,3,4,c,c,.,.,c,c,c,c,c,c,
E07000174,    Mansfield,109,z,103,25,6,6,,4,5,c,c,c,c,2,3,.,.,,2,4,.,.,c,c,.,.,.,.,c,c,.,.,,c,c,c,c,.,.,.,.,.,.,.,.,
E07000175,    Newark and Sherwood,121,z,117,23,3,4,,3,4,1,2,2,3,.,.,c,c,,.,.,.,.,.,.,.,.,.,.,.,.,.,.,,.,.,.,.,.,.,.,.,.,.,.,.,
E07000176,    Rushcliffe,116,z,107,23,9,7,,2,3,c,c,c,c,c,c,.,.,,7,6,.,.,5,5,c,c,.,.,4,4,.,.,,2,3,c,c,.,.,.,.,c,c,.,.,
E12000005,West Midlands,"5,861",z,"5,043",122,817,49,,276,29,119,19,110,18,37,10,10,6,,541,40,24,8,334,31,40,11,27,9,241,27,26,9,,184,23,106,18,9,5,17,7,44,11,7,4,
E06000019,"  Herefordshire, County of",190,z,174,15,16,5,,9,3,4,2,3,2,1,1,c,c,,7,3,0~,1,2,2,0~,1,0~,1,c,c,1,1,,5,3,3,2,.,.,1,1,1,1,1,1,
E06000051,  Shropshire17,311,z,291,26,20,7,,12,5,8,4,1,1,3,2,.,.,,8,4,.,.,2,2,c,c,.,.,1,1,c,c,,6,4,2,2,c,c,1,1,1,2,1,2,
E06000021,  Stoke-on-Trent,255,z,223,20,32,8,,13,5,3,2,5,3,4,3,c,c,,19,6,c,c,13,5,2,2,c,c,9,4,1,2,,6,3,3,2,1,1,c,c,2,2,.,.,
E06000020,  Telford and Wrekin,176,z,161,15,15,4,,8,3,2,2,4,2,1,1,c,c,,7,3,.,.,4,2,1,1,c,c,2,2,1,1,,3,2,3,2,c,c,.,.,.,.,.,.,
E10000028,  Staffordshire ,861,z,809,67,52,17,,26,12,9,7,10,7,5,5,3,4,,26,12,c,c,15,9,c,c,4,4,4,5,5,5,,10,7,5,5,1,3,2,3,c,c,c,c,
E07000192,    Cannock Chase,98,z,93,25,5,6,,3,5,c,c,.,.,c,c,c,c,,c,c,.,.,c,c,.,.,c,c,.,.,.,.,,c,c,.,.,.,.,c,c,.,.,.,.,
E07000193,    East Staffordshire,116,z,104,23,12,8,,8,6,.,.,5,5,c,c,c,c,,4,5,.,.,3,4,.,.,.,.,.,.,3,4,,c,c,c,c,.,.,.,.,c,c,.,.,
E07000194,    Lichfield,102,z,100,22,2,3,,c,c,.,.,c,c,.,.,.,.,,c,c,.,.,c,c,.,.,c,c,.,.,c,c,,.,.,.,.,.,.,.,.,.,.,.,.,
E07000195,    Newcastle-under-Lyme,129,z,123,27,6,6,,2,4,c,c,c,c,.,.,.,.,,4,5,.,.,3,4,c,c,.,.,.,.,c,c,,c,c,.,.,.,.,c,c,.,.,.,.,
E07000196,    South Staffordshire,110,z,107,24,3,4,,2,3,2,3,.,.,.,.,.,.,,c,c,.,.,c,c,.,.,.,.,c,c,.,.,,.,.,.,.,.,.,.,.,.,.,.,.,
E07000197,    Stafford,132,z,118,25,14,9,,2,3,c,c,1,3,.,.,.,.,,13,8,.,.,5,5,.,.,2,3,4,5,.,.,,7,6,4,4,1,3,c,c,c,c,c,c,
E07000198,    Staffordshire Moorlands,97,z,92,23,5,5,,4,5,c,c,c,c,.,.,.,.,,c,c,.,.,c,c,.,.,c,c,.,.,.,.,,.,.,.,.,.,.,.,.,.,.,.,.,
E07000199,    Tamworth,76,z,72,20,5,5,,4,4,c,c,c,c,1,3,.,.,,c,c,c,c,.,.,.,.,.,.,.,.,.,.,,c,c,c,c,.,.,.,.,.,.,.,.,
E10000031,  Warwickshire,559,z,493,45,66,16,,36,12,18,8,14,7,5,4,.,.,,30,11,4,4,18,9,c,c,2,3,14,8,2,3,,9,6,4,4,.,.,c,c,3,4,c,c,
E07000218,    North Warwickshire,63,z,62,15,1,2,,1,2,.,.,1,2,.,.,.,.,,.,.,.,.,.,.,.,.,.,.,.,.,.,.,,.,.,.,.,.,.,.,.,.,.,.,.,
E07000219,    Nuneaton and Bedworth,128,z,113,22,15,8,,3,4,2,3,1,2,.,.,.,.,,12,7,.,.,10,7,.,.,c,c,9,6,c,c,,1,2,c,c,.,.,.,.,.,.,c,c,
E07000220,    Rugby,106,z,85,19,20,10,,10,7,3,4,7,6,.,.,.,.,,10,7,2,3,6,5,c,c,1,2,4,4,.,.,,2,3,2,3,.,.,.,.,.,.,.,.,
E07000221,    Stratford-on-Avon,123,z,112,21,11,7,,9,6,7,5,1,2,1,2,.,.,,2,3,.,.,c,c,.,.,.,.,c,c,.,.,,2,3,c,c,.,.,.,.,c,c,.,.,
E07000222,    Warwick,139,z,120,22,19,9,,12,7,6,5,3,4,3,4,.,.,,7,5,1,2,2,3,.,.,.,.,c,c,c,c,,3,4,.,.,.,.,c,c,2,3,.,.,
E11000005,  West Midlands (Met County),"2,926",z,"2,349",83,576,41,,151,21,68,14,61,13,17,7,5,4,,425,35,15,7,272,28,33,10,17,7,208,25,14,6,,139,20,86,16,5,4,10,5,36,10,2,2,
E08000025,    Birmingham,"1,149",z,880,74,270,41,,62,20,36,15,22,12,c,c,4,5,,208,36,7,7,134,29,19,11,9,7,100,25,6,6,,67,21,34,15,3,5,6,6,22,12,c,c,
E08000026,    Coventry,372,z,270,27,102,16,,31,9,11,5,16,6,3,3,c,c,,72,14,4,3,42,10,3,3,4,3,30,9,4,3,,26,8,21,7,1,2,1,2,3,3,.,.,
E08000027,    Dudley,318,z,301,28,17,7,,6,4,3,3,2,2,1,2,.,.,,11,5,2,2,5,4,.,.,1,1,4,3,c,c,,4,3,2,3,.,.,c,c,1,2,.,.,
E08000028,    Sandwell,329,z,247,25,82,14,,26,8,6,4,12,6,7,4,1,1,,56,12,1,2,38,10,6,4,2,2,26,8,3,3,,17,6,12,5,c,c,1,1,3,3,c,c,
E08000029,    Solihull,214,z,194,17,20,5,,7,3,4,3,1,1,1,1,c,c,,13,4,c,c,8,4,2,1,0~,1,6,3,1,1,,5,3,4,2,.,.,c,c,1,1,.,.,
E08000030,    Walsall,283,z,250,23,33,8,,10,5,5,3,5,3,c,c,.,.,,23,7,c,c,17,6,c,c,c,c,16,6,c,c,,5,3,4,3,.,.,c,c,c,c,c,c,
E08000031,    Wolverhampton,260,z,208,20,52,10,,10,4,3,2,4,3,3,2,.,.,,43,9,c,c,28,7,2,2,.,.,25,7,c,c,,15,5,8,4,c,c,c,c,5,3,.,.,
E10000034,  Worcestershire,584,z,544,47,40,13,,21,9,6,5,12,7,c,c,2,3,,19,9,5,4,9,6,c,c,3,4,3,3,2,3,,6,5,2,3,c,c,2,3,.,.,2,3,
E07000234,    Bromsgrove,96,z,91,19,5,4,,2,3,1,2,c,c,c,c,.,.,,3,3,c,c,c,c,.,.,c,c,.,.,.,.,,c,c,c,c,.,.,.,.,.,.,.,.,
E07000235,    Malvern Hills,76,z,68,16,7,5,,4,4,c,c,3,3,.,.,.,.,,4,4,c,c,1,2,.,.,c,c,.,.,c,c,,3,3,c,c,c,c,c,c,.,.,c,c,
E07000236,    Redditch,85,z,80,18,5,4,,2,3,.,.,2,3,.,.,.,.,,3,3,2,3,c,c,.,.,.,.,c,c,.,.,,.,.,.,.,.,.,.,.,.,.,.,.,
E07000237,    Worcester,103,z,91,19,12,7,,6,5,2,3,4,4,.,.,c,c,,6,5,1,2,3,3,c,c,.,.,2,2,c,c,,1,2,c,c,c,c,c,c,.,.,c,c,
E07000238,    Wychavon,125,z,115,22,10,6,,6,5,1,2,3,3,.,.,2,3,,4,4,.,.,3,3,.,.,2,3,.,.,c,c,,1,2,c,c,.,.,1,2,.,.,.,.,
E07000239,    Wyre Forest,100,z,98,20,2,3,,c,c,c,c,.,.,.,.,.,.,,c,c,.,.,c,c,.,.,c,c,.,.,.,.,,.,.,.,.,.,.,.,.,.,.,.,.,
E12000006,East,"6,214",z,"5,408",144,801,55,,380,38,165,25,153,24,57,15,5,4,,421,40,36,12,196,27,18,8,27,10,108,20,44,13,,188,27,100,20,6,5,34,11,33,11,15,8,
E06000055,  Bedford18,173,z,138,22,35,11,,15,7,5,4,9,6,c,c,c,c,,20,8,.,.,7,5,.,.,2,3,5,4,c,c,,13,7,9,5,.,.,c,c,3,3,c,c,
E06000056,  Central Bedfordshire19,288,z,256,30,32,11,,17,8,9,6,8,5,.,.,c,c,,16,7,2,2,7,5,c,c,1,2,5,4,c,c,,7,5,3,4,c,c,c,c,2,3,c,c,
E06000032,  Luton,221,z,143,14,78,10,,28,6,7,3,15,4,7,3,c,c,,50,8,2,1,36,7,1,1,1,1,32,6,2,2,,13,4,6,3,1,1,1,1,4,2,0~,1,
E06000031,  Peterborough,202,z,154,16,48,9,,29,7,6,3,20,6,2,2,0~,1,,19,6,c,c,9,4,1,1,c,c,6,3,1,1,,10,4,7,3,c,c,1,1,c,c,1,2,
E06000033,  Southend-on-Sea,183,z,163,13,20,5,,7,3,4,2,2,2,0~,1,.,.,,13,4,1,1,6,3,1,1,1,1,3,2,1,1,,5,2,4,2,c,c,c,c,1,1,c,c,
E06000034,  Thurrock,175,z,135,13,40,7,,18,5,4,2,7,3,5,3,1,1,,22,5,1,1,8,3,0~,1,1,1,5,3,2,2,,13,4,10,4,0~,1,0~,1,2,1,.,.,
E10000003,  Cambridgeshire,648,z,542,52,106,23,,44,15,23,11,16,9,5,5,.,.,,61,18,6,6,26,12,4,5,9,7,7,6,6,6,,29,12,7,6,c,c,11,7,8,6,3,4,
E07000008,    Cambridge,122,z,80,21,42,15,,10,7,7,6,c,c,2,3,.,.,,31,13,4,5,10,7,.,.,3,4,4,5,3,4,,17,10,3,4,.,.,8,6,5,5,c,c,
E07000009,    East Cambridgeshire,90,z,81,19,9,6,,3,3,3,3,.,.,.,.,.,.,,6,5,c,c,4,4,.,.,c,c,1,2,2,3,,2,3,1,2,.,.,c,c,.,.,c,c,
E07000010,    Fenland,101,z,90,25,10,8,,9,8,c,c,9,8,.,.,.,.,,c,c,c,c,.,.,.,.,.,.,.,.,.,.,,.,.,.,.,.,.,.,.,.,.,.,.,
E07000011,    Huntingdonshire,177,z,154,28,23,11,,10,7,5,5,3,4,c,c,.,.,,13,8,c,c,7,6,3,4,2,3,1,3,c,c,,5,5,2,4,.,.,1,3,c,c,c,c,
E07000012,    South Cambridgeshire,159,z,137,25,22,10,,12,7,8,6,3,4,c,c,.,.,,10,7,c,c,5,5,c,c,3,4,c,c,c,c,,4,4,c,c,c,c,c,c,c,c,c,c,
E10000012,  Essex,"1,481",z,"1,356",90,125,27,,61,19,30,13,21,11,8,7,2,3,,64,19,9,7,28,13,3,4,3,4,12,8,11,8,,27,13,16,10,c,c,5,6,3,4,2,4,
E07000066,    Basildon,188,z,174,32,14,9,,5,6,c,c,2,3,2,4,.,.,,9,7,c,c,4,5,.,.,.,.,c,c,3,4,,4,5,4,5,.,.,.,.,.,.,.,.,
E07000067,    Braintree,152,z,138,29,14,9,,11,8,5,6,5,6,.,.,c,c,,2,4,c,c,c,c,.,.,.,.,c,c,c,c,,c,c,.,.,.,.,c,c,.,.,.,.,
E07000068,    Brentwood,78,z,73,24,4,6,,c,c,c,c,.,.,.,.,.,.,,2,4,c,c,c,c,.,.,.,.,c,c,.,.,,.,.,.,.,.,.,.,.,.,.,.,.,
E07000069,    Castle Point,90,z,87,25,3,5,,c,c,c,c,.,.,.,.,.,.,,c,c,.,.,c,c,.,.,.,.,.,.,c,c,,.,.,.,.,.,.,.,.,.,.,.,.,
E07000070,    Chelmsford,176,z,165,30,12,8,,3,4,2,3,c,c,.,.,.,.,,8,7,.,.,6,6,.,.,3,4,c,c,1,3,,3,4,c,c,c,c,.,.,.,.,c,c,
E07000071,    Colchester,192,z,166,29,26,12,,14,9,6,5,6,6,2,3,c,c,,12,8,.,.,6,5,3,4,c,c,2,3,c,c,,6,6,3,4,.,.,3,4,c,c,c,c,
E07000072,    Epping Forest,132,z,117,26,16,10,,5,5,3,4,c,c,.,.,c,c,,11,8,3,4,5,6,.,.,.,.,5,6,.,.,,3,4,2,4,.,.,.,.,.,.,c,c,
E07000073,    Harlow,88,z,72,21,15,10,,7,7,c,c,3,4,2,4,.,.,,8,7,c,c,.,.,.,.,.,.,.,.,.,.,,7,7,4,5,.,.,.,.,3,4,c,c,
E07000074,    Maldon,64,z,57,19,7,6,,5,6,3,4,c,c,c,c,.,.,,c,c,.,.,.,.,.,.,.,.,.,.,.,.,,c,c,.,.,.,.,c,c,.,.,.,.,
E07000075,    Rochford,87,z,86,21,c,c,,.,.,.,.,.,.,.,.,.,.,,c,c,.,.,c,c,.,.,.,.,.,.,c,c,,c,c,.,.,.,.,.,.,.,.,c,c,
E07000076,    Tendring,145,z,142,30,3,5,,c,c,c,c,c,c,.,.,.,.,,2,4,.,.,c,c,.,.,.,.,.,.,c,c,,c,c,.,.,.,.,c,c,.,.,.,.,
E07000077,    Uttlesford,89,z,78,22,10,8,,4,5,3,4,c,c,.,.,.,.,,6,6,3,4,2,3,.,.,.,.,.,.,2,3,,2,3,2,3,.,.,.,.,.,.,.,.,
E10000015,  Hertfordshire,"1,196",z,"1,031",76,166,31,,71,20,34,14,21,11,15,9,c,c,,95,23,10,7,47,16,4,5,6,6,25,12,12,8,,38,15,22,11,2,3,3,4,8,7,3,4,
E07000095,    Broxbourne,99,z,90,22,8,7,,4,4,3,4,.,.,.,.,c,c,,5,5,2,3,c,c,.,.,.,.,c,c,.,.,,2,4,2,4,.,.,.,.,.,.,.,.,
E07000096,    Dacorum,155,z,138,28,17,10,,12,8,3,4,4,5,4,5,.,.,,5,5,c,c,3,4,c,c,.,.,c,c,2,3,,2,3,1,2,c,c,.,.,.,.,.,.,
E07000242,    East Hertfordshire,149,z,136,24,13,8,,7,6,7,6,.,.,.,.,.,.,,6,5,c,c,3,4,c,c,c,c,1,2,c,c,,2,3,1,2,c,c,.,.,.,.,c,c,
E07000098,    Hertsmere,104,z,86,26,18,12,,9,9,2,4,c,c,7,7,.,.,,9,8,c,c,4,6,c,c,c,c,c,c,c,c,,3,5,c,c,c,c,c,c,c,c,.,.,
E07000099,    North Hertfordshire,135,z,123,24,11,7,,4,4,3,4,c,c,.,.,.,.,,7,6,c,c,2,3,.,.,.,.,c,c,1,3,,5,5,c,c,.,.,.,.,3,4,1,2,
E07000240,    St Albans20,149,z,131,27,18,10,,5,5,4,5,c,c,.,.,.,.,,13,9,c,c,6,6,.,.,c,c,4,5,c,c,,6,6,3,4,.,.,c,c,2,3,.,.,
E07000243,    Stevenage,89,z,74,21,15,10,,4,5,3,4,c,c,.,.,.,.,,11,8,c,c,8,7,.,.,.,.,4,5,4,5,,2,4,c,c,.,.,c,c,.,.,.,.,
E07000102,    Three Rivers,94,z,77,21,17,10,,5,6,3,4,2,3,c,c,.,.,,12,8,c,c,6,6,c,c,.,.,6,6,.,.,,5,5,2,3,.,.,.,.,c,c,c,c,
E07000103,    Watford,99,z,67,22,32,15,,15,10,4,6,7,7,3,5,.,.,,17,11,c,c,9,8,.,.,3,4,5,6,2,4,,7,7,6,7,.,.,c,c,c,c,.,.,
E07000241,    Welwyn Hatfield21,125,z,109,25,16,10,,6,6,3,4,3,5,.,.,.,.,,10,8,2,3,4,5,c,c,c,c,2,3,c,c,,4,5,3,5,.,.,.,.,c,c,c,c,
E10000020,  Norfolk,896,z,815,66,77,20,,45,15,20,10,18,10,6,6,1,2,,32,13,4,5,11,8,c,c,c,c,4,5,5,5,,16,9,8,7,c,c,5,5,c,c,2,3,
E07000143,    Breckland,138,z,123,25,15,9,,11,7,4,4,4,4,3,4,c,c,,4,5,c,c,c,c,.,.,.,.,.,.,c,c,,3,4,c,c,c,c,.,.,.,.,c,c,
E07000144,    Broadland,127,z,119,25,8,7,,4,5,2,3,c,c,.,.,.,.,,4,5,.,.,1,3,.,.,.,.,.,.,1,3,,3,4,c,c,.,.,c,c,.,.,.,.,
E07000145,    Great Yarmouth,99,z,96,26,3,4,,c,c,.,.,c,c,.,.,.,.,,2,4,.,.,c,c,.,.,.,.,c,c,.,.,,c,c,.,.,.,.,c,c,.,.,.,.,
E07000146,    King's Lynn and West Norfolk,152,z,134,25,15,8,,7,6,1,2,5,5,c,c,c,c,,8,6,3,3,4,4,.,.,.,.,3,3,1,3,,c,c,c,c,.,.,c,c,.,.,.,.,
E07000147,    North Norfolk,102,z,98,23,5,5,,2,3,2,3,.,.,.,.,.,.,,3,4,c,c,.,.,.,.,.,.,.,.,.,.,,2,3,c,c,.,.,c,c,.,.,c,c,
E07000148,    Norwich,142,z,120,28,21,12,,14,9,7,7,6,6,.,.,.,.,,7,7,.,.,c,c,.,.,c,c,.,.,c,c,,6,6,4,5,.,.,c,c,c,c,.,.,
E07000149,    South Norfolk,136,z,126,25,11,7,,7,6,4,5,.,.,2,3,c,c,,4,4,.,.,2,3,c,c,.,.,.,.,1,2,,2,3,1,3,.,.,.,.,c,c,.,.,
E10000029,  Suffolk,750,z,676,57,74,19,,45,15,22,10,16,9,7,6,.,.,,29,12,1,2,11,7,2,3,2,3,4,5,3,4,,16,9,7,6,.,.,7,6,c,c,1,3,
E07000200,    Babergh,90,z,84,19,6,5,,3,4,1,3,c,c,1,2,.,.,,2,3,.,.,2,3,.,.,2,3,.,.,.,.,,c,c,c,c,.,.,c,c,.,.,.,.,
E07000201,    Forest Heath,64,z,49,17,15,10,,11,8,3,4,8,7,.,.,.,.,,4,5,.,.,4,5,c,c,.,.,2,3,c,c,,c,c,.,.,.,.,c,c,.,.,.,.,
E07000202,    Ipswich,140,z,113,24,27,12,,20,10,11,8,4,5,4,5,.,.,,7,6,1,2,3,4,1,3,.,.,1,3,.,.,,4,4,2,3,.,.,c,c,c,c,c,c,
E07000203,    Mid Suffolk,101,z,98,22,3,4,,c,c,c,c,.,.,.,.,.,.,,2,3,.,.,c,c,.,.,.,.,.,.,c,c,,2,3,c,c,.,.,.,.,.,.,c,c,
E07000204,    St Edmundsbury,111,z,106,23,6,5,,4,5,c,c,2,3,c,c,.,.,,1,3,.,.,c,c,.,.,.,.,.,.,c,c,,c,c,c,c,.,.,.,.,.,.,.,.,
E07000205,    Suffolk Coastal,127,z,114,22,13,7,,5,5,4,4,c,c,.,.,.,.,,8,6,.,.,1,2,.,.,c,c,1,2,c,c,,7,5,3,4,.,.,3,4,c,c,.,.,
E07000206,    Waveney,117,z,112,24,5,5,,1,2,c,c,.,.,c,c,.,.,,4,4,.,.,c,c,.,.,.,.,c,c,c,c,,3,4,c,c,.,.,2,3,.,.,.,.,
E12000007,London,"9,028",z,"5,698",169,"3,324",129,,"1,013",71,576,54,222,33,185,30,30,12,,"2,311",107,180,30,"1,045",72,153,28,104,23,668,58,120,24,,"1,086",74,555,53,63,18,115,24,254,36,100,22,
E13000001,Inner London,"3,630",z,"2,203",108,"1,423",87,,451,49,316,41,70,19,55,17,10,7,,972,72,87,21,357,43,61,18,57,17,183,31,55,17,,528,53,223,34,26,12,72,19,141,27,66,19,
E09000007,  Camden,261,z,146,26,115,23,,29,12,24,11,2,3,c,c,1,3,,86,20,11,7,37,13,7,6,9,7,12,8,8,6,,39,14,20,10,3,4,8,6,3,4,4,4,
E09000001,  City of London22,:,:,:,:,:,:,,:,:,:,:,:,:,:,:,:,:,,:,:,:,:,:,:,:,:,:,:,:,:,:,:,,:,:,:,:,:,:,:,:,:,:,:,:,
E09000012,  Hackney,287,z,177,29,110,23,,34,13,30,12,3,4,.,.,1,3,,76,19,8,6,14,8,4,5,2,3,6,5,2,3,,54,16,27,11,.,.,9,7,8,6,9,7,
E09000013,  Hammersmith and Fulham,180,z,107,19,73,16,,27,10,21,9,2,2,c,c,c,c,,46,13,5,4,17,8,6,5,4,4,5,4,3,3,,24,9,9,6,3,3,4,4,5,4,3,3,
E09000014,  Haringey,280,z,167,30,113,25,,46,16,28,12,15,9,2,3,2,3,,67,19,11,8,13,8,4,5,.,.,4,5,4,5,,43,15,18,10,c,c,5,5,12,8,7,6,
E09000019,  Islington,242,z,150,27,90,21,,29,12,24,11,3,4,2,3,c,c,,60,17,5,5,17,9,4,4,3,4,7,6,3,4,,39,14,8,6,6,5,10,7,7,6,8,6,
E09000020,  Kensington and Chelsea,154,z,78,15,76,15,,27,9,23,8,3,3,1,2,1,2,,49,12,6,4,17,7,5,4,3,3,5,4,4,3,,26,9,5,4,2,2,7,5,9,5,3,3,
E09000022,  Lambeth,329,z,226,38,102,26,,32,14,27,13,3,4,c,c,c,c,,71,21,.,.,18,11,.,.,4,5,10,8,5,5,,52,18,17,11,c,c,2,3,27,13,5,6,
E09000023,  Lewisham,311,z,222,33,89,21,,22,10,14,8,4,4,4,4,.,.,,67,18,4,4,15,9,2,3,5,5,6,6,3,4,,48,15,19,10,.,.,6,6,19,9,3,4,
E09000025,  Newham,360,z,181,37,178,37,,57,21,15,11,14,10,27,14,c,c,,122,30,14,10,69,23,3,5,3,5,60,21,3,4,,39,17,22,13,c,c,c,c,13,10,.,.,
E09000028,  Southwark,322,z,201,34,121,26,,34,14,26,12,2,3,5,5,c,c,,87,22,5,5,16,9,2,3,3,4,4,5,7,6,,67,19,41,15,c,c,4,5,18,10,4,5,
E09000030,  Tower Hamlets,323,z,196,37,127,30,,33,15,23,13,7,7,3,4,.,.,,94,26,3,4,72,22,5,6,9,8,53,19,6,6,,19,11,6,7,c,c,4,5,5,6,2,4,
E09000032,   Wandsworth,326,z,220,38,105,26,,38,16,29,14,4,5,5,6,c,c,,67,21,5,5,19,11,3,4,c,c,7,7,7,7,,44,17,16,10,c,c,4,5,8,7,14,9,
E09000033,   Westminster,254,z,130,26,123,26,,43,15,32,13,9,7,c,c,c,c,,80,21,12,8,33,13,16,9,10,7,5,5,2,3,,35,14,14,9,6,6,6,6,6,5,3,4,
E13000002,Outer London,"5,398",z,"3,496",130,"1,902",96,,562,52,260,35,152,27,130,25,20,10,,"1,340",80,93,21,689,58,93,21,46,15,485,48,65,18,,559,52,332,40,37,13,43,14,112,23,35,13,
E09000002,  Barking and Dagenham,220,z,133,23,87,18,,22,9,9,6,4,4,9,6,c,c,,65,16,5,5,32,11,1,2,c,c,29,11,1,2,,28,10,23,9,c,c,c,c,4,4,.,.,
E09000003,  Barnet,398,z,240,42,158,34,,54,20,33,15,18,12,c,c,1,3,,104,27,10,9,56,20,17,11,5,6,19,12,16,11,,38,17,19,12,c,c,9,8,7,7,2,4,
E09000004,  Bexley,253,z,202,26,50,13,,20,8,6,5,9,6,4,4,1,2,,29,10,1,2,11,6,c,c,c,c,9,5,1,2,,17,8,12,6,c,c,1,2,3,3,.,.,
E09000005,  Brent,331,z,166,38,165,38,,47,20,23,14,8,8,15,11,2,4,,118,32,6,7,62,23,13,11,2,5,43,19,3,5,,51,21,24,15,9,9,c,c,14,11,2,5,
E09000006,  Bromley,337,z,269,36,68,18,,20,10,7,6,7,6,6,6,.,.,,48,15,2,3,17,9,2,3,2,3,8,6,6,5,,29,12,16,9,c,c,6,5,4,4,2,3,
E09000008,  Croydon,392,z,251,38,140,28,,39,15,20,11,13,9,6,6,c,c,,101,24,5,5,43,16,1,3,2,3,33,14,7,6,,53,17,31,13,3,4,c,c,16,9,2,4,
E09000009,  Ealing,344,z,199,37,145,32,,47,18,27,14,13,10,7,7,c,c,,98,26,7,7,63,21,14,10,c,c,41,17,7,7,,28,14,17,11,5,6,c,c,2,4,2,4,
E09000010,  Enfield,342,z,213,38,128,29,,40,16,16,10,10,8,8,7,7,7,,88,24,14,10,29,14,3,4,c,c,22,12,c,c,,45,17,35,15,c,c,2,4,7,7,c,c,
E09000011,  Greenwich,291,z,167,28,124,24,,34,12,23,10,7,6,4,4,.,.,,91,20,4,4,45,14,3,4,9,6,30,12,4,4,,41,14,27,11,.,.,3,4,10,7,c,c,
E09000015,  Harrow,251,z,139,27,111,24,,34,13,7,6,13,8,14,9,.,.,,78,20,3,4,50,16,10,7,2,4,37,14,c,c,,25,11,18,10,.,.,c,c,5,5,c,c,
E09000016,  Havering,263,z,212,27,51,13,,16,7,9,6,5,4,1,2,c,c,,35,11,5,4,17,8,c,c,.,.,14,7,3,3,,13,7,7,5,c,c,c,c,2,3,1,2,
E09000017,  Hillingdon,312,z,194,35,118,28,,22,12,9,8,6,6,6,6,c,c,,96,25,3,4,58,19,6,6,3,5,44,17,4,5,,35,15,23,12,6,6,4,5,2,3,c,c,
E09000018,  Hounslow,274,z,164,34,110,28,,23,13,14,10,8,8,c,c,c,c,,87,25,c,c,56,20,6,7,3,5,45,18,c,c,,29,14,16,11,3,4,2,4,4,5,4,5,
E09000021,  Kingston upon Thames,180,z,134,19,46,11,,14,6,11,6,2,3,c,c,c,c,,32,10,3,3,12,6,3,3,3,3,5,4,c,c,,17,7,9,5,1,2,2,2,3,3,3,3,
E09000024,  Merton,210,z,135,21,74,15,,21,8,10,6,6,4,4,4,c,c,,53,13,4,4,24,9,3,3,6,4,14,7,2,2,,25,9,12,6,c,c,3,3,7,5,2,3,
E09000026,  Redbridge,313,z,172,28,141,25,,33,12,10,7,3,4,18,9,2,3,,107,22,15,8,70,18,c,c,c,c,66,17,2,3,,22,10,13,8,3,4,.,.,5,4,c,c,
E09000027,  Richmond upon Thames,199,z,147,21,53,13,,19,8,14,7,3,3,c,c,2,2,,34,10,1,2,12,6,3,3,0~,1,6,4,2,3,,21,8,6,4,c,c,4,3,5,4,6,4,
E09000029,  Sutton,207,z,152,21,56,13,,19,8,5,4,3,3,10,5,c,c,,36,10,3,3,16,7,1,2,3,3,12,6,1,2,,18,7,9,5,c,c,c,c,6,4,c,c,
E09000031,  Waltham Forest,281,z,204,35,77,21,,37,15,7,6,14,9,16,10,c,c,,40,15,c,c,14,9,3,4,c,c,7,6,4,5,,24,12,12,8,c,c,2,3,8,7,3,4,
E12000008,South East,"9,094",z,"7,822",162,"1,271",65,,464,39,253,29,128,21,68,15,15,7,,807,52,49,13,391,36,32,10,59,14,229,28,72,15,,366,35,188,25,16,7,60,14,61,14,41,12,
E06000036,  Bracknell Forest,120,z,97,9,23,5,,9,3,4,2,3,2,2,1,0~,0~,,15,4,1,1,7,3,0~,1,1,1,5,2,1,1,,7,2,4,2,1,1,1,1,1,1,c,c,
E06000043,  Brighton and Hove,291,z,240,26,51,12,,25,8,20,8,3,3,c,c,0~,1,,27,9,c,c,12,6,4,3,2,3,2,2,4,3,,14,6,5,4,1,2,2,2,5,4,c,c,
E06000046,  Isle of Wight,137,z,131,11,6,2,,3,2,1,1,1,1,1,1,c,c,,3,2,c,c,2,1,c,c,.,.,0~,0~,1,1,,2,1,1,1,.,.,1,1,c,c,0~,1,
E06000035,  Medway,282,z,250,26,32,9,,14,6,6,4,5,4,2,3,c,c,,18,7,.,.,8,5,c,c,1,2,5,4,2,2,,10,5,6,4,c,c,c,c,c,c,2,2,
E06000042,  Milton Keynes,274,z,213,21,61,11,,20,6,8,4,7,4,5,3,c,c,,40,9,3,2,16,6,1,1,1,1,13,5,1,1,,22,7,15,6,c,c,2,2,2,2,1,2,
E06000044,  Portsmouth,215,z,179,18,36,8,,14,5,5,3,5,3,3,2,1,1,,22,6,1,1,13,5,3,2,2,2,7,3,2,2,,8,4,4,3,c,c,1,1,2,2,1,1,
E06000038,  Reading,165,z,123,14,42,8,,13,5,5,3,7,3,1,1,c,c,,29,7,3,2,17,5,c,c,1,1,15,5,1,1,,9,4,5,3,1,1,1,1,1,1,1,1,
E06000039,  Slough,151,z,89,11,62,9,,14,4,5,3,7,3,3,2,.,.,,48,8,1,1,36,7,2,2,1,1,32,7,1,1,,11,4,8,3,1,1,0~,1,2,2,c,c,
E06000045,  Southampton,255,z,193,19,62,11,,26,7,10,4,13,5,3,2,c,c,,36,8,3,3,18,6,1,1,4,3,8,4,5,3,,15,5,8,4,c,c,3,2,2,2,2,2,
E06000037,  West Berkshire,158,z,142,14,16,5,,8,3,4,2,3,2,1,1,0~,1,,8,3,1,1,4,2,c,c,c,c,2,2,1,1,,4,2,1,1,c,c,1,1,1,1,c,c,
E06000040,  Windsor and Maidenhead,148,z,117,11,31,6,,9,3,7,3,2,1,c,c,c,c,,22,5,2,1,9,3,1,1,1,1,5,2,1,1,,11,3,5,2,1,1,2,1,2,1,1,1,
E06000041,  Wokingham,166,z,140,13,26,6,,9,3,5,2,3,2,1,1,0~,0~,,17,5,1,1,10,3,1,1,1,1,7,3,2,1,,7,3,4,2,c,c,c,c,0~,1,1,1,
E10000002,  Buckinghamshire,540,z,471,45,69,17,,19,9,11,7,6,5,2,3,.,.,,50,15,2,3,24,10,c,c,c,c,21,9,3,3,,23,10,12,7,.,.,6,5,3,4,2,3,
E07000004,    Aylesbury Vale,200,z,177,29,22,10,,7,6,5,5,3,4,.,.,.,.,,15,9,c,c,7,6,.,.,.,.,6,6,c,c,,8,6,4,5,.,.,3,4,c,c,c,c,
E07000005,    Chiltern,95,z,80,16,15,7,,4,3,1,2,2,3,.,.,.,.,,12,6,1,2,5,4,.,.,.,.,4,4,c,c,,6,4,2,3,.,.,2,3,c,c,1,2,
E07000006,    South Bucks,70,z,64,17,6,5,,2,3,1,2,c,c,.,.,.,.,,4,4,.,.,1,2,c,c,.,.,c,c,.,.,,2,3,2,3,.,.,.,.,c,c,.,.,
E07000007,    Wycombe,175,z,150,26,25,11,,6,5,4,4,.,.,2,3,.,.,,19,9,c,c,11,7,.,.,c,c,9,7,2,3,,7,6,4,4,.,.,1,3,2,3,c,c,
E10000011,  East Sussex,553,z,496,49,57,17,,30,12,19,10,10,7,c,c,c,c,,27,11,4,4,11,7,c,c,c,c,5,5,5,5,,12,8,5,5,c,c,4,4,3,4,c,c,
E07000061,    Eastbourne,103,z,89,22,14,9,,6,6,5,5,2,3,.,.,.,.,,8,6,c,c,3,4,c,c,.,.,.,.,2,4,,4,5,c,c,c,c,.,.,2,3,c,c,
E07000062,    Hastings,93,z,79,21,13,8,,7,6,6,6,c,c,.,.,.,.,,6,6,2,3,2,4,.,.,.,.,2,4,.,.,,2,3,.,.,.,.,2,3,c,c,.,.,
E07000063,    Lewes,103,z,92,21,10,7,,6,5,2,3,4,4,.,.,.,.,,5,5,c,c,2,3,.,.,c,c,.,.,c,c,,3,4,c,c,.,.,1,2,.,.,.,.,
E07000064,    Rother,94,z,88,19,6,5,,5,4,4,4,c,c,.,.,c,c,,1,2,.,.,c,c,.,.,.,.,c,c,.,.,,c,c,c,c,.,.,.,.,.,.,.,.,
E07000065,    Wealden,160,z,147,26,14,8,,7,6,3,4,3,4,c,c,.,.,,7,6,c,c,3,3,.,.,.,.,c,c,c,c,,3,4,3,3,.,.,c,c,.,.,.,.,
E10000014,  Hampshire,"1,367",z,"1,237",79,130,26,,51,16,31,12,5,5,12,8,4,5,,79,20,3,4,39,14,c,c,8,6,25,11,6,5,,37,14,22,10,c,c,5,5,6,6,4,5,
E07000084,    Basingstoke and Deane,177,z,156,28,22,10,,11,7,7,6,.,.,3,4,c,c,,11,7,.,.,6,5,.,.,c,c,4,5,c,c,,6,5,3,4,.,.,c,c,c,c,c,c,
E07000085,    East Hampshire,118,z,109,23,9,7,,2,3,1,2,c,c,.,.,.,.,,7,6,1,3,c,c,.,.,.,.,c,c,c,c,,5,5,4,4,.,.,c,c,c,c,.,.,
E07000086,    Eastleigh,131,z,120,25,11,7,,2,4,1,3,.,.,c,c,c,c,,8,7,c,c,5,5,.,.,2,3,3,4,c,c,,3,4,c,c,.,.,.,.,c,c,c,c,
E07000087,    Fareham,117,z,108,23,9,6,,2,3,1,3,c,c,.,.,c,c,,6,6,c,c,c,c,.,.,.,.,.,.,c,c,,5,5,5,5,.,.,.,.,.,.,.,.,
E07000088,    Gosport,86,z,80,21,6,6,,2,4,c,c,.,.,c,c,.,.,,4,5,.,.,4,5,.,.,2,4,c,c,c,c,,.,.,.,.,.,.,.,.,.,.,.,.,
E07000089,    Hart,94,z,83,19,11,7,,5,5,4,4,c,c,c,c,c,c,,6,5,.,.,4,4,.,.,c,c,3,4,c,c,,2,3,1,2,.,.,.,.,.,.,1,2,
E07000090,    Havant,124,z,115,27,9,8,,7,7,3,4,c,c,4,5,.,.,,2,4,.,.,c,c,.,.,.,.,.,.,c,c,,c,c,c,c,.,.,.,.,c,c,.,.,
E07000091,    New Forest,178,z,166,28,13,8,,8,6,5,5,1,2,2,3,.,.,,5,5,.,.,2,3,c,c,2,3,.,.,.,.,,3,3,c,c,c,c,c,c,.,.,c,c,
E07000092,    Rushmoor,94,z,77,19,18,9,,2,3,2,3,.,.,.,.,c,c,,16,9,.,.,12,8,.,.,c,c,11,7,c,c,,3,4,c,c,.,.,.,.,2,3,.,.,
E07000093,    Test Valley,124,z,111,24,13,8,,4,5,3,4,c,c,c,c,.,.,,9,7,.,.,3,4,.,.,c,c,2,3,c,c,,6,5,3,4,.,.,2,3,c,c,c,c,
E07000094,    Winchester,123,z,113,24,10,7,,5,5,3,4,c,c,c,c,c,c,,4,5,c,c,c,c,.,.,c,c,.,.,.,.,,3,4,2,3,.,.,.,.,c,c,c,c,
E10000016,  Kent ,"1,560",z,"1,395",95,166,33,,57,19,28,13,12,9,14,10,3,4,,109,27,12,9,49,18,4,5,11,8,24,12,10,8,,48,18,22,12,3,5,5,6,7,7,10,8,
E07000105,    Ashford,130,z,120,25,9,7,,2,3,1,3,c,c,.,.,.,.,,7,6,c,c,4,5,c,c,c,c,2,4,c,c,,3,4,2,3,.,.,.,.,c,c,.,.,
E07000106,    Canterbury,164,z,149,30,14,9,,5,6,4,5,c,c,.,.,.,.,,9,8,.,.,7,7,2,3,c,c,3,4,2,4,,2,4,c,c,.,.,.,.,.,.,c,c,
E07000107,    Dartford,109,z,87,26,22,13,,6,6,c,c,1,3,3,4,.,.,,16,11,c,c,6,6,.,.,.,.,5,6,c,c,,8,8,5,6,c,c,.,.,.,.,c,c,
E07000108,    Dover,114,z,103,23,11,8,,3,4,3,4,.,.,.,.,c,c,,8,6,c,c,4,5,.,.,.,.,2,3,2,3,,2,3,1,2,.,.,c,c,c,c,.,.,
E07000112,    Folkestone and Hythe,111,z,101,24,11,8,,5,5,3,4,c,c,.,.,c,c,,6,6,.,.,2,3,.,.,.,.,c,c,c,c,,4,5,2,3,c,c,c,c,.,.,.,.,
E07000109,    Gravesham,108,z,97,28,11,9,,5,6,c,c,2,4,1,3,.,.,,6,7,.,.,c,c,.,.,.,.,c,c,.,.,,4,6,4,5,.,.,.,.,c,c,.,.,
E07000110,    Maidstone,169,z,155,37,14,11,,c,c,.,.,.,.,c,c,.,.,,12,10,3,5,4,6,.,.,.,.,3,5,c,c,,4,6,c,c,.,.,.,.,c,c,c,c,
E07000111,    Sevenoaks,120,z,104,30,16,12,,8,8,4,6,c,c,c,c,.,.,,9,9,.,.,5,6,.,.,.,.,5,6,.,.,,4,6,c,c,.,.,c,c,c,c,.,.,
E07000113,    Swale,148,z,136,27,12,8,,5,5,1,3,c,c,2,3,.,.,,7,6,2,3,1,3,.,.,.,.,.,.,1,3,,4,5,2,3,.,.,c,c,c,c,.,.,
E07000114,    Thanet,143,z,135,28,8,7,,5,6,3,4,c,c,.,.,c,c,,3,4,.,.,1,3,c,c,.,.,c,c,c,c,,2,3,c,c,.,.,c,c,.,.,c,c,
E07000115,    Tonbridge and Malling,129,z,113,28,17,11,,7,7,2,4,c,c,3,5,c,c,,10,8,c,c,3,5,.,.,3,5,.,.,.,.,,5,6,c,c,c,c,.,.,c,c,3,4,
E07000116,    Tunbridge Wells,116,z,95,25,21,12,,5,6,3,5,.,.,c,c,c,c,,16,10,c,c,9,8,c,c,7,7,c,c,.,.,,6,7,c,c,c,c,2,4,.,.,3,5,
E10000025,  Oxfordshire,673,z,562,53,111,23,,47,15,25,11,11,8,9,7,c,c,,64,18,4,5,23,11,5,5,5,5,11,7,3,4,,37,14,11,7,2,3,12,8,10,7,3,4,
E07000177,    Cherwell,146,z,123,25,23,11,,10,7,6,5,2,3,3,4,.,.,,13,8,.,.,5,5,c,c,c,c,3,4,c,c,,8,6,4,5,.,.,2,3,c,c,c,c,
E07000178,    Oxford,151,z,102,25,50,17,,19,11,13,9,3,5,3,4,.,.,,30,14,4,5,13,9,4,5,c,c,6,6,2,3,,13,9,2,3,c,c,5,6,5,5,c,c,
E07000179,    South Oxfordshire,139,z,126,25,13,8,,2,3,c,c,2,3,.,.,.,.,,10,7,.,.,2,3,.,.,c,c,c,c,.,.,,9,7,2,4,.,.,2,3,2,3,c,c,
E07000180,    Vale of White Horse,129,z,118,22,11,7,,6,5,3,3,3,3,c,c,c,c,,5,5,.,.,c,c,c,c,.,.,.,.,.,.,,5,4,1,2,c,c,c,c,2,3,.,.,
E07000181,    West Oxfordshire,108,z,93,20,15,8,,9,6,3,4,2,3,4,4,.,.,,6,5,.,.,2,3,.,.,2,3,c,c,.,.,,4,4,c,c,c,c,c,c,.,.,c,c,
E10000030,  Surrey,"1,183",z,996,76,187,33,,60,19,35,14,19,10,5,5,c,c,,127,27,4,5,65,20,8,7,14,9,32,14,12,8,,58,18,26,12,3,4,13,9,9,7,8,7,
E07000207,    Elmbridge,137,z,113,26,24,12,,8,7,4,5,4,5,.,.,.,.,,16,10,c,c,6,6,c,c,c,c,c,c,2,4,,9,7,1,3,c,c,3,4,2,3,2,4,
E07000208,    Epsom and Ewell,80,z,63,18,17,10,,5,5,3,4,2,3,.,.,.,.,,12,8,.,.,5,5,.,.,2,3,2,3,c,c,,7,6,5,5,c,c,c,c,c,c,.,.,
E07000209,    Guildford,148,z,125,27,23,12,,7,6,6,6,c,c,.,.,c,c,,17,10,.,.,10,8,c,c,3,4,4,5,c,c,,7,6,5,5,.,.,2,3,c,c,c,c,
E07000210,    Mole Valley,87,z,84,21,3,4,,2,4,2,3,c,c,.,.,.,.,,c,c,.,.,.,.,.,.,.,.,.,.,.,.,,c,c,c,c,.,.,.,.,.,.,.,.,
E07000211,    Reigate and Banstead,146,z,125,31,21,13,,4,6,c,c,3,5,.,.,.,.,,16,11,c,c,5,6,c,c,c,c,3,4,c,c,,10,9,4,5,c,c,c,c,c,c,c,c,
E07000212,    Runnymede,88,z,65,21,23,13,,7,7,4,5,2,4,c,c,.,.,,16,11,c,c,12,9,.,.,4,5,8,7,.,.,,4,5,.,.,.,.,c,c,c,c,c,c,
E07000213,    Spelthorne,100,z,83,19,17,9,,4,4,3,4,1,2,.,.,.,.,,13,7,.,.,11,7,c,c,2,3,7,6,1,2,,2,3,c,c,.,.,.,.,c,c,.,.,
E07000214,    Surrey Heath,88,z,73,23,15,10,,8,7,3,5,c,c,c,c,c,c,,7,7,c,c,c,c,.,.,.,.,c,c,c,c,,5,6,4,5,.,.,c,c,.,.,.,.,
E07000215,    Tandridge,86,z,78,23,9,7,,3,5,c,c,3,4,.,.,.,.,,5,6,.,.,c,c,.,.,.,.,c,c,c,c,,4,5,c,c,.,.,c,c,.,.,c,c,
E07000216,    Waverley,122,z,108,23,13,8,,3,3,3,3,.,.,.,.,.,.,,11,7,c,c,5,5,3,4,.,.,c,c,2,3,,5,5,3,4,.,.,c,c,.,.,2,3,
E07000217,    Woking,101,z,79,23,22,12,,9,8,5,6,3,4,c,c,.,.,,13,9,c,c,9,8,.,.,c,c,5,6,c,c,,4,5,c,c,.,.,c,c,c,c,.,.,
E10000032,  West Sussex,855,z,753,67,102,25,,34,14,23,12,6,6,3,4,3,4,,68,20,7,6,29,13,c,c,5,5,11,8,13,9,,32,14,24,12,.,.,2,3,4,5,3,4,
E07000223,    Adur,65,z,61,19,3,4,,c,c,c,c,.,.,.,.,c,c,,3,4,c,c,c,c,.,.,.,.,c,c,.,.,,c,c,c,c,.,.,.,.,.,.,.,.,
E07000224,    Arun,159,z,149,31,10,8,,2,4,c,c,.,.,c,c,c,c,,8,7,c,c,3,4,.,.,c,c,c,c,c,c,,3,5,c,c,.,.,c,c,c,c,.,.,
E07000225,    Chichester,119,z,107,24,13,8,,4,5,3,4,.,.,.,.,c,c,,9,7,.,.,6,6,.,.,2,3,c,c,3,4,,3,4,c,c,.,.,.,.,c,c,c,c,
E07000226,    Crawley,113,z,79,22,35,14,,15,9,9,7,4,5,2,3,c,c,,20,11,3,4,7,7,.,.,c,c,2,4,4,5,,9,7,9,7,.,.,.,.,.,.,.,.,
E07000227,    Horsham,139,z,127,25,12,8,,6,5,5,5,c,c,.,.,.,.,,7,6,c,c,3,4,.,.,c,c,2,3,c,c,,3,4,2,3,.,.,c,c,c,c,c,c,
E07000228,    Mid Sussex,149,z,132,33,17,12,,5,7,5,6,c,c,.,.,.,.,,12,10,.,.,6,7,.,.,.,.,5,6,c,c,,6,7,4,5,.,.,.,.,c,c,.,.,
E07000229,    Worthing,110,z,98,23,12,8,,1,3,c,c,c,c,.,.,.,.,,11,8,c,c,4,5,c,c,c,c,c,c,2,3,,6,6,5,5,.,.,.,.,.,.,c,c,
E12000009,South West,"5,553",z,"5,082",119,470,36,,216,24,114,18,70,14,23,8,9,5,,254,27,15,6,111,18,16,7,18,7,48,12,28,9,,129,19,57,13,5,4,24,8,23,8,21,8,
E06000022,  Bath and North East Somerset,189,z,169,15,20,5,,9,4,5,3,3,2,1,1,0~,1,,10,4,1,1,3,2,0~,1,1,1,c,c,1,1,,7,3,3,2,0~,1,1,1,1,1,1,1,
E06000028,  Bournemouth,196,z,161,17,35,8,,19,6,10,4,5,3,4,3,c,c,,16,5,1,1,6,3,1,2,2,2,2,2,1,1,,9,4,3,2,c,c,1,1,4,3,2,2,
E06000023,"  Bristol, City of",468,z,408,37,60,14,,24,9,13,6,10,6,1,2,c,c,,36,11,c,c,10,6,2,2,1,2,5,4,1,2,,24,9,12,6,c,c,2,2,6,5,3,3,
E06000052,  Cornwall23,562,z,536,48,26,11,,13,7,8,6,3,3,c,c,1,2,,13,8,.,.,5,5,c,c,c,c,3,4,c,c,,8,6,2,3,.,.,1,2,2,3,3,4,
E06000053,  Isles of Scilly24,:,:,:,:,:,:,,:,:,:,:,:,:,:,:,:,:,,:,:,:,:,:,:,:,:,:,:,:,:,:,:,,:,:,:,:,:,:,:,:,:,:,:,:,
E06000024,  North Somerset,214,z,195,17,18,5,,9,4,3,2,4,3,1,1,0~,1,,9,4,1,1,2,2,c,c,.,.,1,2,1,1,,6,3,3,2,c,c,1,1,1,1,0~,1,
E06000026,  Plymouth,262,z,242,22,20,6,,12,5,3,2,6,4,2,2,1,1,,8,4,c,c,6,4,2,2,1,1,1,1,2,2,,2,2,1,1,c,c,c,c,c,c,.,.,
E06000029,  Poole,151,z,132,13,18,5,,8,3,4,2,4,2,1,1,c,c,,10,4,1,1,3,2,0~,1,0~,1,2,2,1,1,,6,3,3,2,c,c,1,1,1,1,1,1,
E06000025,  South Gloucestershire,282,z,263,24,20,7,,9,5,4,3,4,3,2,2,c,c,,10,5,c,c,5,3,0~,1,1,1,2,2,1,2,,5,3,3,2,.,.,c,c,1,2,c,c,
E06000030,  Swindon,222,z,186,17,36,8,,11,4,4,3,5,3,1,2,.,.,,26,6,1,1,19,6,1,1,2,2,15,5,1,1,,6,3,2,2,.,.,1,1,3,2,c,c,
E06000027,  Torbay,134,z,125,11,9,3,,4,2,2,1,1,1,1,1,c,c,,5,2,1,1,2,1,c,c,1,1,1,1,1,1,,2,1,1,1,0~,0~,1,1,c,c,c,c,
E06000054,  Wiltshire25,493,z,450,40,43,13,,24,9,17,8,5,4,2,2,c,c,,19,8,3,3,5,4,c,c,.,.,2,3,3,3,,11,6,6,5,.,.,3,3,1,2,2,2,
E10000008,  Devon,782,z,736,62,46,15,,20,10,12,8,5,5,1,3,2,3,,26,11,c,c,17,9,4,4,2,3,7,6,5,5,,8,7,2,3,2,3,4,5,.,.,c,c,
E07000040,    East Devon,142,z,134,24,8,6,,3,3,1,2,1,2,.,.,c,c,,5,5,.,.,4,4,.,.,1,2,2,3,1,2,,1,2,c,c,c,c,c,c,.,.,.,.,
E07000041,    Exeter,130,z,112,24,18,10,,8,7,5,5,2,3,1,2,c,c,,9,7,.,.,4,5,4,4,.,.,c,c,.,.,,5,5,c,c,c,c,4,4,.,.,.,.,
E07000042,    Mid Devon,80,z,79,20,2,3,,1,3,c,c,.,.,c,c,.,.,,c,c,.,.,c,c,.,.,.,.,.,.,c,c,,.,.,.,.,.,.,.,.,.,.,.,.,
E07000043,    North Devon,93,z,91,24,2,3,,c,c,c,c,.,.,.,.,c,c,,c,c,.,.,.,.,.,.,.,.,.,.,.,.,,c,c,.,.,c,c,.,.,.,.,.,.,
E07000044,    South Hams,84,z,79,20,5,5,,c,c,c,c,.,.,.,.,.,.,,4,5,.,.,4,5,.,.,.,.,4,5,.,.,,.,.,.,.,.,.,.,.,.,.,.,.,
E07000045,    Teignbridge,131,z,126,26,5,5,,3,4,c,c,2,4,.,.,.,.,,2,3,.,.,c,c,.,.,c,c,.,.,c,c,,1,2,c,c,.,.,c,c,.,.,.,.,
E07000046,    Torridge,68,z,64,20,4,5,,3,4,3,4,.,.,.,.,.,.,,c,c,c,c,.,.,.,.,.,.,.,.,.,.,,c,c,.,.,.,.,.,.,.,.,c,c,
E07000047,    West Devon,54,z,50,15,3,4,,c,c,c,c,.,.,.,.,.,.,,3,4,.,.,3,4,.,.,c,c,.,.,3,4,,.,.,.,.,.,.,.,.,.,.,.,.,
E10000009,  Dorset,419,z,389,37,30,10,,13,7,9,6,1,2,2,2,c,c,,17,8,1,2,6,5,2,3,c,c,2,2,2,2,,10,6,6,5,c,c,2,2,1,2,c,c,
E07000048,    Christchurch,50,z,44,12,6,5,,3,3,2,3,c,c,.,.,.,.,,3,3,.,.,3,3,c,c,c,c,c,c,c,c,,1,2,c,c,.,.,.,.,c,c,.,.,
E07000049,    East Dorset,89,z,84,16,5,4,,2,2,1,2,c,c,.,.,c,c,,3,3,c,c,c,c,c,c,.,.,.,.,c,c,,3,3,2,2,c,c,.,.,c,c,.,.,
E07000050,    North Dorset,69,z,59,15,10,6,,4,4,2,3,.,.,c,c,c,c,,6,5,c,c,3,3,2,2,.,.,1,2,.,.,,3,3,2,3,.,.,c,c,.,.,.,.,
E07000051,    Purbeck,46,z,42,15,4,5,,c,c,c,c,.,.,.,.,.,.,,3,4,.,.,.,.,.,.,.,.,.,.,.,.,,3,4,c,c,.,.,c,c,.,.,c,c,
E07000052,    West Dorset,100,z,98,19,2,3,,1,2,1,2,.,.,.,.,.,.,,1,2,.,.,.,.,.,.,.,.,.,.,.,.,,1,2,c,c,.,.,c,c,.,.,c,c,
E07000053,    Weymouth and Portland,64,z,62,14,2,3,,2,2,1,2,c,c,c,c,.,.,,c,c,.,.,c,c,.,.,.,.,.,.,c,c,,c,c,c,c,.,.,.,.,.,.,.,.,
E10000013,  Gloucestershire,629,z,575,49,54,15,,21,9,10,6,8,6,3,3,c,c,,33,12,2,3,17,8,1,2,4,4,4,4,7,5,,14,8,7,5,.,.,4,4,c,c,3,3,
E07000078,    Cheltenham,116,z,97,19,19,9,,7,5,3,3,4,4,.,.,.,.,,12,7,c,c,4,4,c,c,c,c,3,3,c,c,,8,6,3,3,.,.,4,4,.,.,c,c,
E07000079,    Cotswold,87,z,80,18,7,5,,3,4,2,3,.,.,c,c,.,.,,4,4,c,c,1,2,.,.,c,c,.,.,1,2,,2,3,c,c,.,.,.,.,c,c,2,2,
E07000080,    Forest of Dean,85,z,84,19,1,2,,1,2,1,2,.,.,.,.,.,.,,.,.,.,.,.,.,.,.,.,.,.,.,.,.,,.,.,.,.,.,.,.,.,.,.,.,.,
E07000081,    Gloucester,131,z,116,23,15,8,,5,5,3,3,1,3,c,c,c,c,,9,7,c,c,6,5,c,c,c,c,1,2,3,4,,3,4,3,4,.,.,.,.,c,c,.,.,
E07000082,    Stroud,119,z,116,22,3,4,,c,c,c,c,c,c,.,.,.,.,,3,3,c,c,1,3,.,.,c,c,.,.,1,2,,c,c,c,c,.,.,.,.,.,.,c,c,
E07000083,    Tewkesbury,91,z,82,19,9,6,,5,4,1,2,3,3,1,2,.,.,,4,4,.,.,4,4,c,c,2,3,.,.,1,2,,c,c,c,c,.,.,.,.,.,.,.,.,
E10000027,  Somerset,551,z,515,46,35,12,,19,9,10,7,7,5,1,2,c,c,,16,8,.,.,6,5,c,c,3,3,1,2,2,3,,10,7,3,4,c,c,2,3,c,c,3,4,
E07000187,    Mendip,112,z,106,23,6,5,,3,4,2,3,.,.,c,c,.,.,,3,4,.,.,c,c,.,.,.,.,c,c,.,.,,3,4,c,c,.,.,c,c,.,.,1,3,
E07000188,    Sedgemoor,124,z,115,21,9,6,,6,5,c,c,5,4,.,.,.,.,,3,4,.,.,3,3,c,c,2,3,c,c,c,c,,1,1,c,c,.,.,c,c,.,.,c,c,
E07000189,    South Somerset,166,z,156,26,10,7,,5,4,3,4,c,c,c,c,.,.,,6,5,.,.,2,3,.,.,c,c,c,c,1,2,,3,4,c,c,.,.,c,c,c,c,c,c,
E07000190,    Taunton Deane,116,z,107,20,8,6,,5,4,3,3,1,2,c,c,c,c,,3,4,.,.,c,c,.,.,.,.,.,.,c,c,,3,3,2,3,c,c,.,.,c,c,c,c,
E07000191,    West Somerset,33,z,31,11,2,3,,1,2,1,2,.,.,.,.,.,.,,c,c,.,.,.,.,.,.,.,.,.,.,.,.,,c,c,.,.,.,.,.,.,.,.,c,c,
W92000004,Wales,"3,121",z,"2,940",57,181,14,,80,9,39,7,33,6,6,3,2,1,,101,11,4,2,57,8,14,4,6,2,25,5,14,4,,39,7,21,5,4,2,5,2,5,2,5,2,
W06000001,    Isle of Anglesey / Ynys Môn,70,z,68,6,1,1,,1,1,1,1,c,c,c,c,0~,0~,,0~,0~,c,c,c,c,.,.,.,.,.,.,c,c,,0~,0~,0~,0~,.,.,c,c,.,.,0~,0~,
W06000002,    Gwynedd / Gwynedd,123,z,117,11,6,2,,3,2,1,1,1,1,.,.,c,c,,4,2,c,c,2,2,0~,1,0~,0~,1,1,1,1,,1,1,1,1,.,.,c,c,c,c,c,c,
W06000003,    Conwy / Conwy,115,z,109,10,6,2,,3,2,1,1,2,1,c,c,.,.,,3,2,c,c,2,1,0~,1,0~,0~,1,1,1,1,,1,1,.,.,c,c,.,.,c,c,0~,1,
W06000004,    Denbighshire / Sir Ddinbych,95,z,90,8,4,2,,1,1,1,1,1,1,.,.,c,c,,3,1,c,c,2,1,.,.,c,c,1,1,1,1,,1,1,1,1,.,.,0~,0~,c,c,0~,0~,
W06000005,    Flintshire / Sir y Fflint,157,z,147,14,10,4,,7,3,3,2,3,2,1,1,.,.,,3,2,c,c,1,1,0~,1,0~,1,0~,1,c,c,,1,1,1,1,.,.,c,c,0~,1,.,.,
W06000006,    Wrexham / Wrecsam,140,z,131,12,8,3,,6,3,2,1,3,2,0~,1,c,c,,2,2,0~,1,1,1,1,1,.,.,0~,1,0~,1,,1,1,c,c,c,c,0~,0~,0~,1,.,.,
W06000023,    Powys / Powys,130,z,126,12,4,2,,2,2,1,1,c,c,c,c,.,.,,2,2,.,.,1,1,.,.,.,.,1,1,0~,1,,1,1,1,1,.,.,c,c,0~,1,c,c,
W06000008,    Ceredigion / Ceredigion,76,z,73,7,3,1,,3,1,1,1,1,1,.,.,c,c,,1,1,c,c,0~,0~,.,.,.,.,0~,0~,0~,0~,,1,1,c,c,.,.,0~,0~,.,.,0~,0~,
W06000009,    Pembrokeshire / Sir Benfro,123,z,119,10,4,2,,2,1,2,1,0~,0~,c,c,c,c,,2,1,c,c,1,1,.,.,c,c,0~,0~,1,1,,1,1,0~,0~,c,c,0~,0~,c,c,c,c,
W06000010,    Carmarthenshire / Sir Gaerfyrddin,186,z,177,14,9,3,,6,3,2,2,3,2,.,.,c,c,,3,2,0~,1,1,1,0~,1,.,.,0~,1,0~,1,,2,1,1,1,.,.,0~,1,0~,0~,.,.,
W06000011,    Swansea / Abertawe,245,z,224,19,21,6,,9,4,4,3,3,2,1,1,c,c,,12,4,0~,1,9,4,3,2,1,1,3,2,1,1,,3,2,1,2,0~,1,1,1,c,c,1,1,
W06000012,    Neath Port Talbot / Castell-nedd Port Talbot,141,z,137,13,5,2,,2,2,1,1,1,1,0~,1,.,.,,3,2,c,c,1,1,c,c,.,.,.,.,1,1,,1,1,1,1,.,.,.,.,c,c,c,c,
W06000013,    Bridgend / Pen-y-bont ar Ogwr,142,z,136,12,6,3,,2,2,2,1,0~,1,.,.,c,c,,3,2,0~,1,1,1,c,c,c,c,0~,1,1,1,,2,1,1,1,c,c,0~,1,0~,1,0~,1,
W06000014,    Vale of Glamorgan / Bro Morgannwg,127,z,121,12,6,3,,3,2,3,2,0~,1,c,c,.,.,,3,2,c,c,1,1,0~,1,c,c,c,c,0~,1,,1,1,c,c,c,c,c,c,0~,1,1,1,
W06000015,    Cardiff / Caerdydd,371,z,323,31,48,12,,11,6,6,4,4,3,2,2,.,.,,37,10,1,2,23,8,7,5,2,3,12,6,3,3,,13,6,8,5,2,3,1,2,1,2,c,c,
W06000016,    Rhondda Cynon Taf / Rhondda Cynon Taf,239,z,231,21,8,4,,4,3,2,2,2,2,.,.,c,c,,4,3,c,c,2,2,.,.,c,c,1,1,1,1,,2,2,1,1,.,.,.,.,c,c,0~,1,
W06000024,    Merthyr Tydfil / Merthyr Tudful,59,z,56,6,3,1,,2,1,0~,1,1,1,0~,1,.,.,,1,1,.,.,1,1,c,c,c,c,0~,0~,0~,0~,,0~,0~,0~,0~,.,.,c,c,.,.,c,c,
W06000018,    Caerphilly / Caerffili,182,z,177,15,5,2,,3,2,1,1,1,1,0~,1,0~,1,,2,2,c,c,1,1,.,.,0~,0~,0~,1,c,c,,1,1,0~,1,.,.,0~,1,c,c,c,c,
W06000019,    Blaenau Gwent / Blaenau Gwent,69,z,68,7,2,1,,1,1,0~,0~,1,1,c,c,c,c,,0~,1,c,c,0~,0~,c,c,.,.,c,c,c,c,,0~,0~,0~,0~,c,c,.,.,.,.,.,.,
W06000020,    Torfaen / Torfaen,92,z,89,8,3,1,,1,1,1,1,0~,1,c,c,.,.,,1,1,0~,0~,1,1,.,.,0~,0~,0~,0~,0~,1,,0~,0~,c,c,.,.,c,c,c,c,.,.,
W06000021,    Monmouthshire / Sir Fynwy,92,z,87,8,5,2,,2,1,1,1,1,1,c,c,c,c,,2,1,c,c,1,1,c,c,c,c,1,1,0~,0~,,2,1,1,1,.,.,c,c,c,c,0~,0~,
W06000022,    Newport / Casnewydd,149,z,135,12,15,4,,6,3,2,2,3,2,c,c,c,c,,8,3,0~,1,4,2,1,1,0~,1,2,1,1,1,,5,2,4,2,c,c,.,.,1,1,c,c,
S92000003,Scotland,"5,395",z,"4,887",91,505,29,,256,21,115,14,119,14,15,5,7,3,,249,21,14,5,116,14,19,6,20,6,59,10,18,5,,120,14,55,10,11,4,22,6,14,5,18,6,
N92000002,Northern Ireland,"1,868",z,"1,726",57,136,16,,87,13,45,9,36,8,6,3,1,1,,49,10,4,3,24,7,4,3,6,3,11,4,4,3,,21,6,7,4,1,1,9,4,3,2,2,2,
,,,,,,,,,,,,,,,,,,,,,,,,,,,,,,,,,,,,,,,,,,,,,,,
,,,,,,,,,,,,,,,,,,,,,,,,,,,,,,,,,,,,,,,,,,,,,,,
,,,,,,,,,,,,,,,,,,,,,,,,,,,,,,,,,,,,,,,,,,,,,,,
,,,,,,,,,,,,,,,,,,,,,,,,,,,,,,,,,,,,,,,,,,,,,,,
,,,,,,,,,,,,,,,,,,,,,,,,,,,,,,,,,,,,,,,,,,,,,,,
,,,,,,,,,,,,,,,,,,,,,,,,,,,,,,,,,,,,,,,,,,,,,,,
,,,,,,,,,,,,,,,,,,,,,,,,,,,,,,,,,,,,,,,,,,,,,,,
